polecam,Zamówi³em w nocy a przed po³udniem do odbioru.
polecam,ok.
polecam,Ogólnie dobrze
polecam,Super szybko.
polecam,0k
polecam,Szybko i bezproblemowo
polecam,Ok
polecam,Wszystko jest ok
polecam,"Kontakt super suszarka bardzo dobra 
Polecam"
polecam,Super  polecam
polecam,"Wszystko wg zamówienia, z dostaw¹ i wniesieniem do mieszkania. Jestem zadowolony bo dostawa zgra³a siê z moim pobytem na miejscu, jak w zegarku. Polecam"
nie polecam,Zakupiona i zwrócona lodówka. Zwrotu pieniêdzy nie ma od 18.09.2020. Kontakt to jakaœ pora¿ka! NIE POLECAM
polecam,Ok
polecam,Sprawnie i szybko otrzyma³am zamówiony produkt
polecam,Mój zakup rewelacyjny b.dobrej jakoœci no i raty 0%
polecam,Zamówi³em w nocy a przed po³udniem do odbioru.
polecam,ok.
polecam,Ogólnie dobrze
polecam,Super szybko.
polecam,0k
polecam,Szybko i bezproblemowo
polecam,Ok
polecam,Wszystko jest ok
polecam,"Kontakt super suszarka bardzo dobra 
Polecam"
polecam,Super  polecam
polecam,"Wszystko wg zamówienia, z dostaw¹ i wniesieniem do mieszkania. Jestem zadowolony bo dostawa zgra³a siê z moim pobytem na miejscu, jak w zegarku. Polecam"
nie polecam,Zakupiona i zwrócona lodówka. Zwrotu pieniêdzy nie ma od 18.09.2020. Kontakt to jakaœ pora¿ka! NIE POLECAM
polecam,Ok
polecam,Sprawnie i szybko otrzyma³am zamówiony produkt
polecam,Mój zakup rewelacyjny b.dobrej jakoœci no i raty 0%
polecam,Zamówi³em w nocy a przed po³udniem do odbioru.
